City_ID,City,Country,Date,Lat,Lng,Max Temp,Humidity,Cloudiness,Wind Speed
0,Hofn,IS,2021-12-09 16:00:47,64.2539,-15.2082,39.22,65,90,8.05
1,Raudeberg,NO,2021-12-09 16:00:48,61.9875,5.1352,39.87,60,96,7.0
2,Upernavik,GL,2021-12-09 15:59:09,72.7868,-56.1549,8.26,96,93,10.89
3,Tuktoyaktuk,CA,2021-12-09 15:59:02,69.4541,-133.0374,-5.8,84,1,5.75
4,Udachnyy,RU,2021-12-09 16:00:48,66.4167,112.4,-7.2,89,100,18.77
5,Vaini,TO,2021-12-09 15:58:53,-21.2,-175.2,71.76,94,20,5.75
6,Esperance,AU,2021-12-09 16:00:49,-33.8667,121.9,64.53,67,97,21.05
7,Ushuaia,AR,2021-12-09 15:54:22,-54.8,-68.3,58.62,54,40,25.32
8,Hobart,AU,2021-12-09 15:58:07,-42.8794,147.3294,54.27,83,90,1.01
9,Bengkulu,ID,2021-12-09 15:59:41,-3.8004,102.2655,76.75,89,100,4.34
10,Georgetown,MY,2021-12-09 15:59:31,5.4112,100.3354,82.89,76,20,1.01
11,Mataura,NZ,2021-12-09 15:59:01,-46.1927,168.8643,49.48,91,96,1.34
12,Tsilna,RU,2021-12-09 16:00:50,54.5953,48.1414,28.98,90,100,3.29
13,Chumikan,RU,2021-12-09 15:58:51,54.7183,135.315,16.07,83,76,13.91
14,Westport,US,2021-12-09 16:00:03,41.1415,-73.3579,38.19,65,59,3.0
15,Punta Arenas,CL,2021-12-09 15:59:08,-53.15,-70.9167,60.91,44,20,23.02
16,Sao Filipe,CV,2021-12-09 16:00:14,14.8961,-24.4956,77.23,62,90,10.8
17,Mbini,GQ,2021-12-09 16:00:51,1.574,9.6134,82.4,76,49,5.93
18,Muros,ES,2021-12-09 15:59:52,42.7762,-9.0603,61.84,85,91,14.36
19,Kahului,US,2021-12-09 15:59:51,20.8947,-156.47,76.84,80,19,4.0
20,Vardo,NO,2021-12-09 15:58:48,70.3705,31.1107,16.0,85,75,11.5
21,Cape Town,ZA,2021-12-09 15:58:45,-33.9258,18.4232,78.12,63,20,3.0
22,Zelenoborsk,RU,2021-12-09 16:00:52,61.4669,64.0333,10.78,96,100,4.45
23,Atuona,PF,2021-12-09 15:58:50,-9.8,-139.0333,78.03,67,88,14.47
24,Souillac,MU,2021-12-09 16:00:52,-20.5167,57.5167,78.37,67,17,10.51
25,Chokurdakh,RU,2021-12-09 16:00:52,70.6333,147.9167,-47.47,100,85,3.74
26,Jamestown,US,2021-12-09 15:58:09,42.097,-79.2353,31.08,83,90,5.01
27,Kholodnyy,RU,2021-12-09 16:00:53,62.7167,147.95,-52.6,94,46,0.22
28,Xining,CN,2021-12-09 16:00:12,36.6167,101.7667,31.03,49,100,3.2
29,Lompoc,US,2021-12-09 15:59:43,34.6391,-120.4579,56.25,90,90,5.75
30,Kirakira,SB,2021-12-09 15:59:11,-10.4544,161.9205,80.06,85,100,2.62
31,Xichang,CN,2021-12-09 16:00:53,27.8964,102.2634,50.92,86,70,2.3
32,La Ronge,CA,2021-12-09 16:00:54,55.1001,-105.2842,19.62,86,90,12.66
33,Lixourion,GR,2021-12-09 16:00:54,38.2019,20.4314,60.55,78,2,22.97
34,Port Alfred,ZA,2021-12-09 15:54:50,-33.5906,26.891,73.76,84,34,8.41
35,Beringovskiy,RU,2021-12-09 16:00:55,63.05,179.3167,-6.88,89,93,20.45
36,Longyearbyen,SJ,2021-12-09 16:00:01,78.2186,15.6401,24.64,80,75,3.44
37,Avarua,CK,2021-12-09 15:59:34,-21.2078,-159.775,75.25,88,75,2.3
38,Saldanha,ZA,2021-12-09 15:59:42,-33.0117,17.9442,78.85,87,72,23.42
39,Asau,RO,2021-12-09 15:59:51,46.4333,26.4,33.96,82,84,1.43
40,Bluff,NZ,2021-12-09 15:58:53,-46.6,168.3333,49.8,69,23,16.11
41,Khani,GE,2021-12-09 16:00:55,41.9563,42.9566,42.37,99,100,1.97
42,Marawi,PH,2021-12-09 16:00:56,7.9986,124.2928,68.65,99,100,3.24
43,Huamachuco,PE,2021-12-09 16:00:56,-7.8,-78.0667,62.87,62,90,6.6
44,Lethem,GY,2021-12-09 16:00:57,3.3803,-59.7968,88.95,54,53,7.4
45,Aktau,KZ,2021-12-09 16:00:57,43.65,51.2,48.78,88,99,18.54
46,Qaanaaq,GL,2021-12-09 15:59:06,77.484,-69.3632,1.18,85,69,6.91
47,Fukue,JP,2021-12-09 16:00:58,32.6881,128.8419,58.86,67,100,2.71
48,Barrow,US,2021-12-09 15:54:20,71.2906,-156.7887,10.42,85,90,11.5
49,Hastings,GB,2021-12-09 16:01:00,50.8552,0.5729,48.2,71,94,11.27
50,Tazovskiy,RU,2021-12-09 16:01:00,67.4667,78.7,-11.6,98,12,8.61
51,Tura,IN,2021-12-09 16:01:01,25.5198,90.2201,63.86,85,46,2.91
52,Saskylakh,RU,2021-12-09 15:58:54,71.9167,114.0833,-12.57,96,100,8.79
53,Butaritari,KI,2021-12-09 15:59:29,3.0707,172.7902,81.54,79,95,10.87
54,Clyde River,CA,2021-12-09 15:59:39,70.4692,-68.5914,-9.17,84,87,4.61
55,Ust-Tsilma,RU,2021-12-09 16:01:02,65.441,52.1498,-0.78,100,94,1.77
56,Oriximina,BR,2021-12-09 15:59:37,-1.7656,-55.8661,87.6,63,94,4.65
57,Tieli,CN,2021-12-09 16:01:02,46.95,128.05,31.73,87,100,8.52
58,Port-Gentil,GA,2021-12-09 16:01:03,-0.7193,8.7815,81.93,76,53,7.16
59,Taltal,CL,2021-12-09 15:59:56,-25.4,-70.4833,66.61,69,22,8.37
60,Kitob,UZ,2021-12-09 16:01:03,39.0843,66.8332,45.18,16,3,5.06
61,Albany,US,2021-12-09 15:55:03,42.6001,-73.9662,32.16,68,68,1.99
62,Nanortalik,GL,2021-12-09 16:01:04,60.1432,-45.2371,29.7,89,100,25.41
63,Rikitea,PF,2021-12-09 15:58:48,-23.1203,-134.9692,74.95,74,85,19.04
64,Birin,NP,2021-12-09 16:01:04,26.8865,88.0718,50.65,79,9,3.89
65,Yulara,AU,2021-12-09 16:01:04,-25.2406,130.9889,74.71,21,3,17.18
66,Edd,ER,2021-12-09 16:01:05,13.9297,41.6925,82.24,62,0,10.92
67,Leningradskiy,RU,2021-12-09 15:58:56,69.3833,178.4167,-9.63,95,100,20.2
68,Hailey,US,2021-12-09 16:01:05,43.5196,-114.3153,24.66,58,1,0.0
69,Saint-Philippe,RE,2021-12-09 15:59:05,-21.3585,55.7679,80.19,80,58,12.33
70,Ugoofaaru,MV,2021-12-09 16:01:06,5.6667,73.0,82.17,74,95,9.82
71,San Vicente,AR,2021-12-09 16:01:06,-26.6167,-54.1333,89.31,17,0,3.18
72,Setermoen,NO,2021-12-09 16:01:06,68.861,18.3486,10.44,79,42,7.99
73,Bethel,US,2021-12-09 16:00:00,41.3712,-73.414,36.05,67,61,1.01
74,Kupang,ID,2021-12-09 16:01:07,-10.1667,123.5833,78.91,85,82,2.17
75,Geraldton,AU,2021-12-09 16:00:26,-28.7667,114.6,70.21,78,90,11.5
76,Hermanus,ZA,2021-12-09 15:58:47,-34.4187,19.2345,77.9,84,99,15.3
77,Malakal,SS,2021-12-09 16:01:07,9.5334,31.6605,87.93,22,0,5.99
78,Hilo,US,2021-12-09 15:59:44,19.7297,-155.09,70.79,43,90,0.0
79,Castro,BR,2021-12-09 16:00:20,-24.7911,-50.0119,74.26,35,0,4.65
80,Tabas,IR,2021-12-09 16:01:08,33.5959,56.9244,57.69,21,0,2.24
81,Raymond,US,2021-12-09 16:01:08,43.9015,-70.4703,33.82,71,14,4.12
82,Cockburn Town,TC,2021-12-09 15:58:57,21.4612,-71.1419,78.76,73,40,6.91
83,Sambava,MG,2021-12-09 16:01:08,-14.2667,50.1667,77.88,74,100,8.19
84,Hornepayne,CA,2021-12-09 16:01:09,49.2138,-84.7705,10.98,82,100,10.29
85,Pimentel,PE,2021-12-09 16:01:09,-6.8367,-79.9342,70.97,75,82,9.82
86,Dikson,RU,2021-12-09 15:59:23,73.5069,80.5464,-20.7,100,36,6.38
87,Bambous Virieux,MU,2021-12-09 15:59:24,-20.3428,57.7575,80.85,65,20,8.05
88,Aitape,PG,2021-12-09 16:01:09,-3.1374,142.3475,78.53,88,100,4.41
89,San Patricio,US,2021-12-09 15:59:51,28.017,-97.5169,78.08,81,97,12.28
90,Katsuura,JP,2021-12-09 15:59:19,35.1333,140.3,51.19,76,28,14.92
91,New Norfolk,AU,2021-12-09 15:59:24,-42.7826,147.0587,53.92,71,82,1.48
92,Narsaq,GL,2021-12-09 15:59:25,60.9167,-46.05,14.16,83,33,3.78
93,Saint Anthony,US,2021-12-09 16:00:30,45.0205,-93.218,33.73,77,90,5.01
94,Busselton,AU,2021-12-09 15:59:13,-33.65,115.3333,63.18,93,90,6.22
95,Ilulissat,GL,2021-12-09 15:58:52,69.2167,-51.1,9.66,65,37,9.01
96,Sao Joao Da Barra,BR,2021-12-09 16:01:10,-21.6403,-41.0511,78.24,63,4,10.56
97,Gigmoto,PH,2021-12-09 16:01:11,13.7796,124.39,78.6,85,100,16.91
98,Victoria,HK,2021-12-09 15:58:53,22.2855,114.1577,68.32,78,1,1.99
99,Puerto Ayora,EC,2021-12-09 15:59:30,-0.7393,-90.3518,73.36,90,76,3.0
100,The Valley,AI,2021-12-09 16:01:11,18.217,-63.0578,83.1,71,3,17.6
101,Namibe,AO,2021-12-09 15:59:12,-15.1961,12.1522,75.83,69,0,26.46
102,Sorland,NO,2021-12-09 16:01:12,67.667,12.6934,26.67,67,100,13.02
103,Kaitangata,NZ,2021-12-09 15:58:47,-46.2817,169.8464,54.93,79,99,3.44
104,Port Lincoln,AU,2021-12-09 16:01:12,-34.7333,135.8667,55.99,74,21,12.17
105,Codrington,AU,2021-12-09 15:58:56,-38.2667,141.9667,53.94,80,86,11.86
106,San Carlos De Bariloche,AR,2021-12-09 15:57:32,-41.1456,-71.3082,69.55,37,20,3.44
107,Zhigansk,RU,2021-12-09 16:01:13,66.7697,123.3711,-14.67,95,100,19.13
108,Verkhnyaya Toyma,RU,2021-12-09 16:01:13,62.2349,44.9985,1.45,99,98,2.06
109,Half Moon Bay,US,2021-12-09 16:00:34,37.4636,-122.4286,51.98,80,90,5.99
110,Bhan,PK,2021-12-09 16:01:14,26.5583,67.7214,68.61,22,0,3.98
111,Kyaikto,MM,2021-12-09 16:01:14,17.3,97.0167,74.66,70,8,4.38
112,Carnarvon,AU,2021-12-09 15:59:01,-24.8667,113.6333,71.67,83,75,18.41
113,Hervey Bay,AU,2021-12-09 16:01:14,-25.2986,152.8535,78.03,85,4,1.01
114,Pisco,PE,2021-12-09 15:59:41,-13.7,-76.2167,70.02,77,90,6.91
115,Norman Wells,CA,2021-12-09 16:01:15,65.282,-126.8329,8.73,96,99,4.27
116,Mar Del Plata,AR,2021-12-09 15:58:11,-38.0023,-57.5575,73.42,85,40,25.01
117,Karpokhorion,GR,2021-12-09 16:01:15,39.3333,22.0167,56.05,80,40,2.46
118,Auki,SB,2021-12-09 16:01:15,-8.7676,160.7034,78.46,88,100,2.04
119,Cabo San Lucas,MX,2021-12-09 15:58:03,22.8909,-109.9124,76.51,58,90,1.01
120,Nioro,GM,2021-12-09 16:01:16,13.35,-15.75,100.87,10,24,4.59
121,Luwuk,ID,2021-12-09 15:59:08,-0.9516,122.7875,77.92,85,23,3.98
122,Qui Nhon,VN,2021-12-09 15:59:49,13.7667,109.2333,72.95,84,7,15.03
123,Klaksvik,FO,2021-12-09 16:01:16,62.2266,-6.589,41.92,79,100,16.58
124,Cidreira,BR,2021-12-09 15:59:29,-30.1811,-50.2056,71.64,62,24,10.96
125,Avera,US,2021-12-09 15:58:52,33.194,-82.5271,47.71,65,85,8.46
126,Bredasdorp,ZA,2021-12-09 15:58:58,-34.5322,20.0403,67.28,82,100,17.27
127,Snyder,US,2021-12-09 16:01:17,32.7179,-100.9176,65.35,36,1,11.5
128,Namatanai,PG,2021-12-09 15:59:04,-3.6667,152.4333,80.19,83,99,13.82
129,Flin Flon,CA,2021-12-09 16:00:14,54.7682,-101.865,8.38,93,100,6.17
130,Sovetskaya Gavan,RU,2021-12-09 16:01:17,48.9723,140.2878,28.13,76,68,4.94
131,Severo-Kurilsk,RU,2021-12-09 15:59:06,50.6789,156.125,33.57,86,34,10.87
132,Martinsburg,US,2021-12-09 16:01:18,39.4562,-77.9639,41.61,61,87,3.96
133,Tasiilaq,GL,2021-12-09 15:59:18,65.6145,-37.6368,27.77,62,100,13.02
134,Wanning,CN,2021-12-09 16:01:19,18.8003,110.3967,70.88,74,85,10.02
135,Petatlan,MX,2021-12-09 16:01:19,17.5167,-101.2667,85.17,54,0,2.3
136,Fairbanks,US,2021-12-09 16:00:03,64.8378,-147.7164,12.16,79,90,4.61
137,Jupiter,US,2021-12-09 16:01:21,26.9342,-80.0942,82.06,91,7,5.01
138,Olafsvik,IS,2021-12-09 16:01:22,64.8945,-23.7142,36.37,81,99,17.81
139,Luderitz,NA,2021-12-09 16:01:22,-26.6481,15.1594,69.85,62,0,18.77
140,Shahr-E Babak,IR,2021-12-09 16:01:22,30.1165,55.1186,51.57,19,9,3.85
141,Mehamn,NO,2021-12-09 16:00:12,71.0357,27.8492,21.38,96,85,12.26
142,Trujillo,PE,2021-12-09 16:01:23,-8.116,-79.03,73.35,73,66,8.68
143,Zyryanka,RU,2021-12-09 16:01:23,65.75,150.85,-44.37,98,79,5.26
144,Kyra,RU,2021-12-09 16:01:24,49.5776,111.9753,12.63,88,91,1.36
145,Scarborough,GB,2021-12-09 16:00:09,54.2797,-0.4044,42.53,87,100,1.99
146,Asifabad,IN,2021-12-09 16:01:24,19.3667,79.2833,72.84,57,0,4.34
147,Wattegama,LK,2021-12-09 16:01:25,6.7989,81.4808,74.32,88,52,4.03
148,Nizwa,OM,2021-12-09 16:01:25,22.9333,57.5333,69.17,28,1,3.91
149,Arraial Do Cabo,BR,2021-12-09 15:58:48,-22.9661,-42.0278,76.96,73,20,13.8
150,Tiksi,RU,2021-12-09 15:59:17,71.6872,128.8694,-14.89,95,100,7.29
151,Taoudenni,ML,2021-12-09 16:01:25,22.6783,-3.9836,76.08,8,100,13.56
152,Ribeira Grande,PT,2021-12-09 16:01:26,38.5167,-28.7,64.8,59,75,0.0
153,Nikolskoye,RU,2021-12-09 15:59:10,59.7035,30.7861,6.69,100,66,3.0
154,Monroe,US,2021-12-09 16:01:26,43.1501,-77.6831,31.62,69,90,0.0
155,Provideniya,RU,2021-12-09 15:58:57,64.3833,-173.3,-1.91,97,91,17.0
156,Iralaya,HN,2021-12-09 16:01:27,15.0,-83.2333,82.17,72,59,13.91
157,Rehoboth,NA,2021-12-09 16:01:27,-23.3167,17.0833,92.19,10,89,17.31
158,Vostok,RU,2021-12-09 16:00:22,46.4856,135.8833,19.36,83,100,4.9
159,Siloam Springs,US,2021-12-09 15:59:48,36.1881,-94.5405,60.46,79,43,11.01
160,Mount Gambier,AU,2021-12-09 15:58:51,-37.8333,140.7667,53.51,76,90,9.22
161,Port Maria,JM,2021-12-09 16:01:28,18.3685,-76.8895,85.96,78,4,10.04
162,Vestmannaeyjar,IS,2021-12-09 16:01:28,63.4427,-20.2734,32.99,99,90,8.05
163,Taganak,PH,2021-12-09 16:01:28,6.0833,118.3,81.57,81,100,11.07
164,Kruisfontein,ZA,2021-12-09 15:58:47,-34.0033,24.7314,66.88,89,90,11.41
165,Ardabil,IR,2021-12-09 16:01:29,38.2498,48.2933,45.39,58,15,16.02
166,Airai,TL,2021-12-09 15:59:42,-8.9266,125.4092,61.61,92,100,0.38
167,Saint George,US,2021-12-09 16:01:09,37.1041,-113.5841,52.27,72,90,3.0
168,Rio Bueno,CL,2021-12-09 16:01:29,-40.3167,-72.9667,75.11,38,0,7.23
169,Talladega,US,2021-12-09 16:01:30,33.4359,-86.1058,49.68,94,1,0.0
170,Haines Junction,CA,2021-12-09 16:01:30,60.7522,-137.5108,-11.97,100,82,1.19
171,Chuy,UY,2021-12-09 16:01:30,-33.6971,-53.4616,73.51,53,96,12.39
172,Lebu,CL,2021-12-09 15:58:56,-37.6167,-73.65,63.45,68,0,17.76
173,Ponta Do Sol,PT,2021-12-09 16:00:15,32.6667,-17.1,68.13,58,49,5.91
174,Ambon,ID,2021-12-09 15:58:59,-3.6954,128.1814,77.14,94,40,6.91
175,Kapaa,US,2021-12-09 15:58:49,22.0752,-159.319,73.11,59,71,16.15
176,Makiyivka,UA,2021-12-09 16:01:31,48.0478,37.9258,45.18,75,100,4.05
177,Simbahan,PH,2021-12-09 16:01:31,6.3032,120.5836,82.17,83,100,19.55
178,Havre-Saint-Pierre,CA,2021-12-09 16:00:26,50.2334,-63.5986,15.31,56,100,13.35
179,East London,ZA,2021-12-09 15:58:52,-33.0153,27.9116,72.54,94,20,11.5
180,Zemio,CF,2021-12-09 16:01:32,5.0314,25.1361,84.04,29,0,3.8
181,Thompson,CA,2021-12-09 15:59:00,55.7435,-97.8558,1.56,78,90,6.91
182,Sarahan,IN,2021-12-09 16:01:32,31.5167,77.8,34.36,38,0,9.91
183,Dayong,CN,2021-12-09 16:01:33,25.0209,118.2898,66.88,79,0,4.09
184,Sabang,ID,2021-12-09 16:01:33,5.8933,95.3214,82.45,73,100,17.36
185,Hamilton,US,2021-12-09 15:58:05,39.1834,-84.5333,39.24,74,100,1.99
186,Sioux Lookout,CA,2021-12-09 16:01:33,50.1001,-91.917,23.38,86,90,13.8
187,Phangnga,TH,2021-12-09 16:01:34,8.4509,98.5298,80.64,90,90,5.12
188,Ferme-Neuve,CA,2021-12-09 16:01:34,46.7001,-75.4493,17.94,73,70,4.47
189,Cururupu,BR,2021-12-09 16:01:34,-1.8283,-44.8683,91.35,49,76,8.3
190,Sokoni,TZ,2021-12-09 16:00:30,-6.4333,39.55,81.18,75,8,10.76
191,Coquimbo,CL,2021-12-09 15:59:02,-29.9533,-71.3436,62.33,77,90,6.91
192,Husavik,IS,2021-12-09 16:00:15,66.0449,-17.3389,30.02,89,100,8.01
193,Abbeville,FR,2021-12-09 15:58:56,50.1,1.8333,46.36,88,100,10.29
194,Krylovskaya,RU,2021-12-09 16:01:35,46.3194,39.9711,48.7,75,100,7.83
195,Hammerfest,NO,2021-12-09 16:01:36,70.6634,23.6821,21.65,73,75,12.66
196,Mandalgovi,MN,2021-12-09 15:58:54,45.7625,106.2708,17.82,59,8,7.72
197,Srivardhan,IN,2021-12-09 16:01:36,18.0333,73.0167,78.19,65,0,6.4
198,Zhangye,CN,2021-12-09 16:01:36,38.9342,100.4517,31.59,45,99,7.94
199,Cananeia,BR,2021-12-09 16:01:03,-25.0147,-47.9267,76.42,57,2,11.1
200,Flinders,AU,2021-12-09 15:59:32,-34.5833,150.8552,63.18,94,93,6.02
201,Ossora,RU,2021-12-09 16:01:37,59.2353,163.0719,-8.01,87,8,5.57
202,Balkhash,KZ,2021-12-09 16:01:37,46.844,74.9804,17.51,59,0,11.54
203,Gboko,NG,2021-12-09 16:01:37,7.3179,8.9951,94.86,13,4,9.35
204,Lavrentiya,RU,2021-12-09 15:59:37,65.5833,-171.0,-6.2,89,100,11.45
205,Hobyo,SO,2021-12-09 16:01:38,5.3505,48.5268,78.98,66,5,19.48
206,Elk Point,US,2021-12-09 16:01:38,42.6833,-96.6836,43.34,51,29,13.89
207,Belokurikha,RU,2021-12-09 16:01:39,51.9959,84.9896,-2.07,94,72,4.7
208,Alta Floresta,BR,2021-12-09 16:01:39,-9.8756,-56.0861,80.65,86,97,4.27
209,Dongsheng,CN,2021-12-09 15:59:59,39.8161,109.9776,29.34,50,99,4.59
210,Tambopata,PE,2021-12-09 16:01:39,-12.7333,-69.1833,75.0,95,100,2.39
211,Sijunjung,ID,2021-12-09 16:01:40,-0.6876,100.9537,73.63,97,100,1.52
212,Babu,CN,2021-12-09 16:01:40,24.4167,111.5167,57.15,70,0,3.13
213,Sayyan,YE,2021-12-09 16:01:40,15.1718,44.3244,52.21,16,0,4.45
214,Benghazi,LY,2021-12-09 16:00:03,32.1167,20.0667,64.58,45,36,19.75
215,Kashi,CN,2021-12-09 16:01:41,39.4547,75.9797,39.22,16,0,5.48
216,Port Elizabeth,ZA,2021-12-09 16:00:16,-33.918,25.5701,69.1,91,58,10.07
217,Ruteng,ID,2021-12-09 16:01:41,-8.6136,120.4721,64.15,91,85,0.96
218,Khalkhal,IR,2021-12-09 16:01:41,37.6189,48.5258,37.67,79,68,9.82
219,Lalmohan,BD,2021-12-09 16:01:42,22.3384,90.7419,73.83,63,100,9.35
220,Mersing,MY,2021-12-09 16:01:42,2.4312,103.8405,80.06,81,99,13.82
221,Great Bend,US,2021-12-09 16:01:43,38.3645,-98.7648,57.33,37,1,7.0
222,Houma,US,2021-12-09 16:01:32,29.5958,-90.7195,70.0,94,100,8.34
223,San Cristobal,VE,2021-12-09 16:01:43,7.7669,-72.225,82.4,49,100,3.4
224,Antofagasta,CL,2021-12-09 16:01:44,-23.65,-70.4,72.21,51,28,9.26
225,Sola,VU,2021-12-09 16:01:44,-13.8833,167.55,81.34,78,92,4.85
226,Suraabad,AZ,2021-12-09 16:01:45,40.8192,49.4687,50.18,84,41,6.46
227,Grabouw,ZA,2021-12-09 16:01:45,-34.1515,19.0151,69.73,77,79,10.6
228,Vanimo,PG,2021-12-09 16:01:46,-2.6741,141.3028,78.37,90,100,7.07
229,Mahebourg,MU,2021-12-09 15:58:53,-20.4081,57.7,80.89,65,20,8.05
230,Svetlogorsk,BY,2021-12-09 16:01:46,52.6333,29.7333,29.16,95,100,11.18
231,Vao,NC,2021-12-09 16:00:25,-22.6667,167.4833,77.86,82,9,14.29
232,Siuri,IN,2021-12-09 16:01:47,23.9167,87.5333,64.62,41,12,2.28
233,Dalbandin,PK,2021-12-09 16:01:22,28.8947,64.4101,55.2,21,3,4.63
234,Nouakchott,MR,2021-12-09 16:01:47,18.0858,-15.9785,85.93,23,99,14.27
235,Rocha,UY,2021-12-09 15:59:38,-34.4833,-54.3333,76.62,46,70,13.96
236,Itarema,BR,2021-12-09 16:01:48,-2.9248,-39.9167,89.6,57,88,19.8
237,Khatanga,RU,2021-12-09 15:59:41,71.9667,102.5,-7.02,99,100,7.92
238,Port Blair,IN,2021-12-09 16:00:16,11.6667,92.75,79.39,72,85,10.45
239,Aklavik,CA,2021-12-09 16:01:48,68.2191,-135.0107,-10.82,99,32,7.09
240,Springbok,ZA,2021-12-09 16:01:49,-29.6643,17.8865,73.51,35,0,15.01
241,Christchurch,NZ,2021-12-09 15:59:27,-43.5333,172.6333,59.2,89,90,8.05
242,Riyadh,SA,2021-12-09 15:57:44,24.6877,46.7219,71.74,23,61,7.29
243,Bubaque,GW,2021-12-09 16:01:49,11.2833,-15.8333,82.78,59,4,9.24
244,Kaeo,NZ,2021-12-09 16:00:09,-35.1,173.7833,62.33,94,100,1.23
245,Dessau,DE,2021-12-09 16:01:50,51.8386,12.2456,36.99,88,99,3.02
246,Tuatapere,NZ,2021-12-09 16:01:50,-46.1333,167.6833,49.82,92,37,2.46
247,Hithadhoo,MV,2021-12-09 15:59:50,-0.6,73.0833,81.95,78,100,11.7
248,Gamba,GA,2021-12-09 16:01:51,-2.65,10.0,80.78,81,70,7.0
249,Koungou,YT,2021-12-09 16:01:51,-12.7336,45.2042,78.51,83,0,1.14
250,Grand-Santi,GF,2021-12-09 16:01:51,4.25,-54.3833,85.6,64,95,3.94
251,Mkushi,ZM,2021-12-09 16:01:52,-13.6202,29.3939,83.44,27,62,7.09
252,Ramnagar,IN,2021-12-09 16:01:52,29.4,79.1167,57.06,66,0,4.18
253,Gat,IL,2021-12-09 16:01:52,31.61,34.7642,60.82,100,52,2.39
254,Kavieng,PG,2021-12-09 16:01:53,-2.5744,150.7967,82.42,79,95,14.88
255,Volax,GR,2021-12-09 16:01:53,41.3167,24.0,46.47,87,85,3.15
256,Adrar,MR,2021-12-09 16:00:29,20.5022,-10.0711,76.53,7,100,14.83
257,San Pedro De Macoris,DO,2021-12-09 16:01:53,18.4616,-69.2972,83.48,52,0,9.64
258,Ormond Beach,US,2021-12-09 15:59:22,29.2858,-81.0559,74.16,74,75,0.0
259,Saint-Georges,GD,2021-12-09 16:00:09,12.0564,-61.7485,82.58,70,7,15.32
260,Neuquen,AR,2021-12-09 15:59:16,-38.9516,-68.0591,64.29,39,0,5.75
261,Nuevo Progreso,MX,2021-12-09 16:01:54,23.1667,-97.95,80.55,72,6,3.0
262,Betsiamites,CA,2021-12-09 16:01:54,48.9413,-68.646,9.77,69,97,7.92
263,Voh,NC,2021-12-09 16:01:55,-20.9667,164.7,76.42,87,0,3.42
264,Mirzapur,IN,2021-12-09 16:01:55,25.15,82.5833,66.16,46,10,3.65
265,Lagoa,PT,2021-12-09 15:59:52,39.05,-27.9833,62.22,61,100,9.15
266,Monrovia,LR,2021-12-09 15:59:07,6.3005,-10.7969,91.17,69,23,12.06
267,Kailua,US,2021-12-09 16:01:56,21.4022,-157.7394,75.15,71,85,20.74
268,Kihei,US,2021-12-09 16:01:56,20.785,-156.4656,75.85,80,21,8.34
269,Hasaki,JP,2021-12-09 15:59:36,35.7333,140.8333,41.4,65,92,20.07
270,Kushiro,JP,2021-12-09 16:01:56,42.975,144.3747,36.05,75,5,3.47
271,Ust-Koksa,RU,2021-12-09 16:01:57,50.2696,85.6108,-5.12,85,56,0.96
272,Datia,IN,2021-12-09 16:01:57,25.6667,78.4667,61.61,43,0,5.93
273,Bilibino,RU,2021-12-09 15:59:12,68.0546,166.4372,-42.79,100,99,0.83
274,Ahipara,NZ,2021-12-09 16:01:58,-35.1667,173.1667,60.78,91,100,2.42
275,Aasiaat,GL,2021-12-09 16:01:58,68.7098,-52.8699,2.55,90,65,7.34
276,Ilek,RU,2021-12-09 16:01:58,51.5271,53.3831,26.71,71,100,13.62
277,Marshall,US,2021-12-09 16:01:59,34.3834,-86.3333,52.57,70,1,1.01
278,Constitucion,CL,2021-12-09 16:01:59,-35.3333,-72.4167,65.86,70,10,8.77
279,Along,IN,2021-12-09 16:01:59,28.1667,94.7667,57.85,76,2,1.81
280,Kandrian,PG,2021-12-09 16:02:00,-6.2167,149.55,78.96,88,100,6.82
281,Mount Isa,AU,2021-12-09 16:02:00,-20.7333,139.5,78.57,15,30,12.66
282,Samarai,PG,2021-12-09 16:02:00,-10.6167,150.6667,81.41,79,100,15.57
283,Esil,KZ,2021-12-09 16:02:00,51.9556,66.4042,10.87,75,99,9.01
284,La Paz Centro,NI,2021-12-09 16:02:01,12.34,-86.6753,86.85,45,4,11.48
285,Boyuibe,BO,2021-12-09 16:02:01,-20.4167,-63.2833,89.01,34,73,5.44
286,Camacha,PT,2021-12-09 16:02:02,33.0833,-16.3333,62.02,72,40,11.5
287,Charlestown,AU,2021-12-09 15:59:32,-32.95,151.6667,64.81,94,44,3.0
288,Kodiak,US,2021-12-09 15:58:28,57.79,-152.4072,33.31,86,90,4.61
289,Torbay,CA,2021-12-09 15:59:23,47.6666,-52.7314,35.58,97,90,25.32
290,Iberia,US,2021-12-09 16:02:02,29.9502,-91.7507,70.99,94,90,9.22
291,Sungaipenuh,ID,2021-12-09 16:02:03,-2.0833,101.3833,65.35,98,100,1.03
292,Teguise,ES,2021-12-09 16:00:32,29.0605,-13.564,66.42,56,40,25.32
293,Sobolevo,RU,2021-12-09 16:02:03,54.4299,31.8996,18.79,91,69,12.1
294,Nosy Varika,MG,2021-12-09 16:02:03,-20.5833,48.5333,79.0,75,56,8.19
295,Aborlan,PH,2021-12-09 16:02:04,9.4352,118.5492,77.5,87,86,8.97
296,Nouadhibou,MR,2021-12-09 15:59:33,20.931,-17.0347,76.98,36,100,13.8
297,Brzeziny,PL,2021-12-09 16:02:04,51.8002,19.7514,28.96,86,95,10.04
298,Srednekolymsk,RU,2021-12-09 16:02:04,67.45,153.6833,-31.4,100,100,1.3
299,Margate,GB,2021-12-09 16:02:05,51.3813,1.3862,44.04,77,85,1.01
300,Tarko-Sale,RU,2021-12-09 16:02:05,64.9225,77.785,0.95,97,66,8.72
301,Cartagena Del Chaira,CO,2021-12-09 16:02:06,1.3349,-74.8429,88.68,51,39,6.26
302,Rafaela,AR,2021-12-09 15:59:07,-31.2503,-61.4867,89.98,26,8,4.0
303,Pacific Grove,US,2021-12-09 16:02:07,36.6177,-121.9166,52.09,88,100,3.0
304,Ixtapa,MX,2021-12-09 16:00:13,20.7,-105.2,83.16,24,12,2.08
305,Helong,CN,2021-12-09 15:58:49,42.5397,128.9972,30.13,85,100,2.42
306,Scalea,IT,2021-12-09 16:02:07,39.813,15.7956,51.33,75,100,12.35
307,Yuncheng,CN,2021-12-09 16:02:08,35.0231,110.9928,42.19,56,2,4.09
308,Corner Brook,CA,2021-12-09 16:02:08,48.9667,-57.9484,24.96,92,100,9.46
309,Dingle,PH,2021-12-09 16:02:08,10.9995,122.6711,74.89,89,99,10.29
310,Shingu,JP,2021-12-09 16:02:09,33.7333,135.9833,50.7,77,41,4.72
311,Ligayan,PH,2021-12-09 16:02:09,4.6533,119.4706,81.99,81,100,16.08
312,San-Pedro,CI,2021-12-09 16:02:10,4.7485,-6.6363,83.93,70,21,8.28
313,Sadon,RU,2021-12-09 16:02:10,42.8518,44.0037,36.95,89,100,2.26
314,Ulladulla,AU,2021-12-09 16:02:10,-35.35,150.4667,61.77,95,99,16.13
315,Sao Jose Da Coroa Grande,BR,2021-12-09 16:02:11,-8.8978,-35.1478,85.1,66,79,13.11
316,College,US,2021-12-09 16:02:11,64.8569,-147.8028,12.15,79,90,4.61
317,Belmonte,BR,2021-12-09 16:02:11,-15.8631,-38.8828,78.37,86,100,8.08
318,Pevek,RU,2021-12-09 15:59:17,69.7008,170.3133,-16.53,94,100,13.73
319,Canutama,BR,2021-12-09 16:02:12,-6.5339,-64.3831,81.28,87,100,2.04
320,Mundo Nuevo,MX,2021-12-09 16:02:12,18.7,-95.5,78.1,83,82,3.36
321,Pietarsaari,FI,2021-12-09 16:02:12,63.65,22.6833,15.89,84,99,12.33
322,Qobustan,AZ,2021-12-09 16:02:13,40.0824,49.412,50.11,81,59,12.28
323,Ellisras,ZA,2021-12-09 16:02:13,-23.6649,27.7443,81.1,47,100,5.08
324,Hualmay,PE,2021-12-09 16:02:13,-11.0964,-77.6139,70.68,74,100,8.5
325,Sapang Buho,PH,2021-12-09 16:02:14,15.5917,121.1222,68.23,86,91,5.46
326,Hoi An,VN,2021-12-09 16:02:14,15.8794,108.335,71.56,78,9,7.29
327,Biak,ID,2021-12-09 16:02:14,-0.9131,122.8766,77.0,84,22,3.4
328,San Clemente,US,2021-12-09 16:02:15,33.427,-117.612,59.31,90,93,5.99
329,Myanaung,MM,2021-12-09 16:02:15,18.2833,95.3167,74.43,75,64,4.47
330,Meulaboh,ID,2021-12-09 16:02:15,4.1363,96.1285,78.4,85,79,2.21
331,Brae,GB,2021-12-09 16:02:16,60.3964,-1.353,44.51,76,88,17.31
332,Villazon,BO,2021-12-09 16:02:16,-22.0866,-65.5942,60.33,55,100,15.28
333,Cherskiy,RU,2021-12-09 15:59:04,68.75,161.3,-43.35,100,89,4.99
334,Glendive,US,2021-12-09 16:02:16,47.1053,-104.7125,27.23,77,1,12.66
335,Hay River,CA,2021-12-09 16:02:17,60.8156,-115.7999,4.19,96,99,5.23
336,Cravo Norte,CO,2021-12-09 16:02:17,6.3017,-70.2041,89.55,47,99,10.83
337,Portland,US,2021-12-09 16:00:09,45.5234,-122.6762,41.36,93,99,4.0
338,Lebedyan,RU,2021-12-09 16:02:18,53.0194,39.1664,30.87,95,100,11.23
339,Sisimiut,GL,2021-12-09 16:02:18,66.9395,-53.6735,16.38,72,5,4.47
340,Honningsvag,NO,2021-12-09 16:02:18,70.9821,25.9704,20.95,79,40,24.16
341,Sitka,US,2021-12-09 15:59:14,57.0531,-135.33,36.27,88,100,12.57
342,Komsomolskiy,UZ,2021-12-09 16:02:19,40.4272,71.7189,38.62,75,0,2.3
343,Atambua,ID,2021-12-09 16:02:19,-9.1061,124.8925,75.2,88,100,2.51
344,Pleszew,PL,2021-12-09 16:02:19,51.8964,17.7855,32.61,92,100,5.06
345,Pochutla,MX,2021-12-09 16:02:20,15.7432,-96.4661,85.82,51,7,3.31
346,Trat,TH,2021-12-09 16:02:20,12.5,102.5,73.76,82,98,5.53
347,Tommot,RU,2021-12-09 16:02:20,58.9564,126.2925,-9.4,99,87,2.73
348,Dubbo,AU,2021-12-09 16:00:32,-32.25,148.6167,46.53,93,0,3.44
349,Belyy Yar,RU,2021-12-09 16:02:21,53.6039,91.3903,8.85,57,0,11.18
350,Maksatikha,RU,2021-12-09 16:02:21,57.797,35.8825,-1.28,99,63,1.83
351,Farmington,US,2021-12-09 16:02:22,36.7281,-108.2187,39.88,76,90,4.61
352,Autazes,BR,2021-12-09 16:02:22,-3.5797,-59.1306,89.87,60,99,2.73
353,Roald,NO,2021-12-09 16:02:22,62.5833,6.1333,41.14,52,0,17.27
354,Caravelas,BR,2021-12-09 15:59:10,-17.7125,-39.2481,71.6,98,100,2.98
355,Rosarito,MX,2021-12-09 16:02:23,32.3333,-117.0333,59.09,87,91,5.7
356,Camopi,GF,2021-12-09 16:01:27,3.1655,-52.3158,85.8,68,99,4.83
357,Maarianhamina,AX,2021-12-09 16:02:23,60.0973,19.9348,31.86,69,0,16.11
358,Hambantota,LK,2021-12-09 16:02:23,6.1241,81.1185,75.54,94,20,2.3
359,Puerto Escondido,MX,2021-12-09 16:02:24,15.85,-97.0667,84.33,60,18,3.4
360,Killybegs,IE,2021-12-09 16:02:24,54.6333,-8.45,47.91,75,95,25.66
361,Limoges,FR,2021-12-09 16:02:24,45.75,1.3333,38.01,93,90,10.36
362,Morant Bay,JM,2021-12-09 16:02:25,17.8815,-76.4093,85.62,63,3,8.9
363,Shymkent,KZ,2021-12-09 15:55:55,42.3,69.6,43.39,36,0,6.71
364,Turinsk,RU,2021-12-09 16:02:25,58.0458,63.696,22.48,89,100,7.07
365,Panaba,MX,2021-12-09 16:02:25,21.2833,-88.2667,84.09,58,46,10.38
366,Pemangkat,ID,2021-12-09 16:02:26,1.1667,108.9667,79.2,86,100,9.04
367,Mazamet,FR,2021-12-09 16:02:26,43.49,2.373,45.09,92,90,3.44
368,Padang,ID,2021-12-09 16:00:33,-0.9492,100.3543,77.05,89,100,2.86
369,Bilma,NE,2021-12-09 16:00:04,18.6853,12.9164,73.69,10,6,7.96
370,Yellowknife,CA,2021-12-09 15:59:15,62.456,-114.3525,-8.72,76,40,9.22
371,Fortuna,US,2021-12-09 15:59:28,40.5982,-124.1573,43.36,73,1,6.91
372,Eydhafushi,MV,2021-12-09 16:02:27,5.1033,73.0708,81.86,75,100,7.54
373,Ahuimanu,US,2021-12-09 16:02:27,21.4447,-157.8378,74.86,76,76,19.69
374,Marrakesh,MA,2021-12-09 16:00:10,31.6315,-8.0083,66.27,45,0,12.66
375,Kaoma,ZM,2021-12-09 16:02:28,-14.7833,24.8,84.6,32,88,3.87
376,Okha,RU,2021-12-09 16:02:29,53.5739,142.9478,19.04,87,74,8.99
377,Cabedelo,BR,2021-12-09 16:00:48,-6.9811,-34.8339,84.83,68,100,13.78
378,Port Macquarie,AU,2021-12-09 16:02:29,-31.4333,152.9167,64.36,93,88,5.7
379,Guerrero Negro,MX,2021-12-09 16:02:30,27.9769,-114.0611,62.56,75,100,2.82
380,Lorengau,PG,2021-12-09 16:02:30,-2.0226,147.2712,82.8,84,98,16.33
381,La Primavera,CO,2021-12-09 16:02:30,5.4906,-70.4092,90.25,46,76,11.86
382,Faanui,PF,2021-12-09 15:59:00,-16.4833,-151.75,79.93,77,78,12.57
383,Dubti,ET,2021-12-09 16:02:31,11.7361,41.0853,84.94,13,0,4.07
384,Kefamenanu,ID,2021-12-09 16:02:31,-9.4467,124.4781,73.54,91,100,1.39
385,Bam,IR,2021-12-09 16:01:56,29.106,58.357,60.13,17,100,4.05
386,Bafq,IR,2021-12-09 16:02:32,31.6128,55.4107,60.33,20,94,2.19
387,Isla Mujeres,MX,2021-12-09 16:02:32,21.2311,-86.731,84.25,70,14,10.71
388,Panzhihua,CN,2021-12-09 16:02:32,26.5851,101.7128,56.17,78,12,0.72
389,Ancud,CL,2021-12-09 15:59:24,-41.8697,-73.8203,80.22,61,0,6.24
390,Rabo De Peixe,PT,2021-12-09 16:02:33,37.8,-25.5833,63.91,59,40,5.75
391,Maceio,BR,2021-12-09 16:00:17,-9.6658,-35.7353,84.56,68,24,14.36
392,Wau,SS,2021-12-09 16:00:05,7.7029,27.9953,87.21,21,0,5.53
393,North Bend,US,2021-12-09 16:02:33,43.4065,-124.2243,39.85,99,75,8.05
394,Grindavik,IS,2021-12-09 15:59:55,63.8424,-22.4338,36.07,87,75,0.0
395,Kasongo-Lunda,CD,2021-12-09 16:02:34,-6.4667,16.8167,77.22,91,93,0.11
396,Yagodnoye,RU,2021-12-09 16:02:34,62.55,149.6667,-42.83,91,18,3.6
397,Van Wert,US,2021-12-09 16:02:34,40.8695,-84.5841,36.57,80,40,5.01
398,Los Llanos De Aridane,ES,2021-12-09 16:02:35,28.6585,-17.9182,64.15,68,75,18.01
399,Lubango,AO,2021-12-09 16:02:35,-14.9172,13.4925,73.38,48,92,2.62
400,Zurrieq,MT,2021-12-09 16:02:35,35.8311,14.4742,54.97,71,20,11.5
401,Adelaide,AU,2021-12-09 16:00:01,-34.9333,138.6,55.42,75,20,1.01
402,Mackay,AU,2021-12-09 15:57:42,-21.15,149.2,78.78,83,40,5.75
403,Trinidad,BO,2021-12-09 16:02:36,-14.8333,-64.9,85.26,70,100,2.64
404,San Quintin,MX,2021-12-09 16:02:36,30.4833,-115.95,60.94,76,80,0.98
405,Rantepao,ID,2021-12-09 16:02:36,-2.9701,119.8978,67.3,97,57,3.02
406,Azamgarh,IN,2021-12-09 16:01:23,26.06,83.1861,66.94,42,0,3.96
407,Mazamari,PE,2021-12-09 16:02:37,-11.3258,-74.5308,81.41,78,100,1.34
408,Kazachinskoye,RU,2021-12-09 16:02:37,57.6953,93.2761,6.69,92,100,13.94
409,Bandar-E Lengeh,IR,2021-12-09 16:02:38,26.5579,54.8807,74.5,44,98,4.74
410,Ylivieska,FI,2021-12-09 16:02:38,64.0833,24.55,13.37,95,100,6.91
411,Manta,EC,2021-12-09 16:02:38,-0.95,-80.7333,79.5,66,100,7.99
412,Sitges,ES,2021-12-09 16:01:32,41.2351,1.8119,54.07,58,100,4.0
413,Rio Claro,BR,2021-12-09 16:02:39,-22.4114,-47.5614,75.79,36,0,6.89
414,Simao,CN,2021-12-09 16:02:39,22.7886,100.9748,54.14,91,20,2.68
415,Mahanje,TZ,2021-12-09 16:02:39,-9.9333,35.3333,70.77,69,69,3.29
416,Bonavista,CA,2021-12-09 16:02:40,48.6499,-53.1147,35.11,98,100,33.35
417,Mananjary,MG,2021-12-09 16:02:40,-21.2167,48.3333,79.11,73,23,10.04
418,Adre,TD,2021-12-09 16:02:40,13.4667,22.2,78.96,16,0,8.97
419,Mozarlandia,BR,2021-12-09 16:02:41,-14.7447,-50.5706,88.43,52,100,5.12
420,Anloga,GH,2021-12-09 16:02:41,5.7947,0.8973,84.33,69,4,10.74
421,Moyale,KE,2021-12-09 16:02:41,3.5167,39.0584,72.39,58,58,8.01
422,Mantua,IT,2021-12-09 16:02:42,45.1667,10.7833,42.44,89,100,1.01
423,Karabash,RU,2021-12-09 16:02:42,55.4808,60.2157,20.8,67,99,5.82
424,Dali,CN,2021-12-09 16:02:42,25.7,100.1833,48.52,81,6,4.99
425,Kitama,TZ,2021-12-09 16:02:43,-10.7167,39.7333,78.53,66,35,8.19
426,Yokadouma,CM,2021-12-09 16:02:43,3.5167,15.05,88.41,37,39,3.04
427,Ponta Delgada,PT,2021-12-09 16:00:25,37.7333,-25.6667,65.12,59,40,5.75
428,Prince Rupert,CA,2021-12-09 16:02:43,54.3161,-130.3201,33.89,93,90,5.75
429,Eloi Mendes,BR,2021-12-09 16:02:44,-21.61,-45.5653,75.61,53,36,5.77
430,Mayo,US,2021-12-09 15:59:27,38.8876,-76.5119,42.91,54,76,1.01
431,Bowen,AU,2021-12-09 16:02:44,-20.0167,148.2333,80.51,75,43,6.71
432,Algodones,MX,2021-12-09 16:02:45,20.3888,-105.4773,66.74,37,24,0.76
433,Isiro,CD,2021-12-09 16:02:45,2.7739,27.616,75.78,65,85,1.36
434,Roebourne,AU,2021-12-09 16:02:45,-20.7833,117.1333,89.64,46,79,4.99
435,Kununurra,AU,2021-12-09 16:02:46,-15.7667,128.7333,80.58,89,100,0.0
436,Takoradi,GH,2021-12-09 15:59:39,4.8845,-1.7554,83.3,73,7,9.35
437,Atyrau,KZ,2021-12-09 16:02:46,47.1167,51.8833,41.02,65,75,20.13
438,Bonfim,BR,2021-12-09 16:02:46,3.0833,-59.95,89.65,53,61,4.59
439,Cruz Alta,BR,2021-12-09 16:02:47,-28.6386,-53.6064,81.81,32,0,7.0
440,Mvuma,ZW,2021-12-09 16:02:47,-19.2792,30.5283,82.36,28,68,9.86
441,Northampton,US,2021-12-09 16:02:47,40.8754,-75.2499,35.76,56,79,1.01
442,Broome,US,2021-12-09 16:00:31,42.2506,-75.833,31.46,74,40,5.99
443,Praia Da Vitoria,PT,2021-12-09 16:02:48,38.7333,-27.0667,63.75,66,18,2.62
444,Krini,GR,2021-12-09 16:02:48,39.387,22.3509,58.33,74,36,3.29
445,Entre Rios,BR,2021-12-09 16:02:48,-11.9419,-38.0844,87.08,55,100,7.09
446,Diu,IN,2021-12-09 16:02:49,20.7141,70.9822,75.45,59,0,4.12
447,Makueni,KE,2021-12-09 16:02:49,-1.8041,37.6203,63.93,96,46,3.4
448,Bajil,YE,2021-12-09 16:02:50,15.0584,43.2851,80.92,59,11,4.97
449,Broken Hill,AU,2021-12-09 15:59:58,-31.95,141.4333,62.31,45,18,12.66
450,Baherden,TM,2021-12-09 16:02:50,38.4362,57.4316,57.11,31,0,1.59
451,Krasnoselkup,RU,2021-12-09 16:02:51,65.7,82.4667,-6.93,97,34,11.48
452,Olinda,BR,2021-12-09 16:02:51,-8.0089,-34.8553,84.47,66,96,12.06
453,Ust-Kuyga,RU,2021-12-09 16:02:51,70.0167,135.6,-41.08,100,85,6.24
454,San Policarpo,PH,2021-12-09 16:02:52,12.1791,125.5072,80.15,84,100,20.0
455,Mazagao,BR,2021-12-09 16:02:52,-0.115,-51.2894,89.65,56,99,3.76
456,Fare,PF,2021-12-09 15:59:05,-16.7,-151.0167,80.47,70,97,13.82
457,Vila Velha,BR,2021-12-09 16:02:53,-20.3297,-40.2925,72.95,83,100,7.0
458,Abu Samrah,SY,2021-12-09 16:02:53,35.3029,37.1841,55.89,67,50,7.81
459,Nanga Eboko,CM,2021-12-09 16:02:53,4.6833,12.3667,86.52,34,13,1.97
460,Port-Cartier,CA,2021-12-09 16:02:54,50.0334,-66.8654,6.75,66,7,10.98
461,Tiarei,PF,2021-12-09 16:02:54,-17.5333,-149.3333,77.02,69,99,11.32
462,Suicheng,CN,2021-12-09 16:02:54,33.8963,117.9331,46.56,68,0,2.82
463,Tezu,IN,2021-12-09 16:02:55,27.9167,96.1667,64.29,51,26,4.38
464,Salalah,OM,2021-12-09 16:00:19,17.0151,54.0924,75.43,64,0,1.25
465,Te Anau,NZ,2021-12-09 16:02:55,-45.4167,167.7167,48.87,92,63,1.01
466,Ternate,ID,2021-12-09 16:02:55,0.8,127.4,81.68,80,37,8.84
467,Gampaha,LK,2021-12-09 16:02:56,7.0897,79.9925,82.33,69,20,3.44
468,Tilichiki,RU,2021-12-09 16:02:56,60.4667,166.1,-16.58,92,40,7.31
469,Chifeng,CN,2021-12-09 16:02:56,42.2683,118.9636,31.21,69,21,6.87
470,Innisfail,AU,2021-12-09 16:02:57,-17.5333,146.0333,76.57,90,63,2.55
471,Pustoshka,RU,2021-12-09 16:02:57,56.3355,29.369,12.74,84,5,9.46
472,Tsumeb,NA,2021-12-09 16:02:57,-19.2333,17.7167,85.21,32,58,6.76
473,Arman,RU,2021-12-09 15:59:25,59.7,150.1667,-12.75,74,97,7.0
474,Port Hardy,CA,2021-12-09 16:00:15,50.6996,-127.4199,37.76,100,75,9.22
475,Alcaniz,ES,2021-12-09 16:02:58,41.05,-0.1333,55.74,74,100,19.77
476,Khanpur,PK,2021-12-09 16:02:58,28.6453,70.6567,65.21,25,0,6.26
477,Egvekinot,RU,2021-12-09 16:02:59,66.3167,-179.1667,-11.4,85,100,10.96
478,Loanda,AO,2021-12-09 16:00:11,-8.8368,13.2343,79.41,81,16,14.99
479,Havoysund,NO,2021-12-09 16:02:59,70.9963,24.6622,22.08,87,93,12.12
480,Tucuman,AR,2021-12-09 15:59:11,-26.8241,-65.2226,78.8,65,75,10.36
481,Homer,US,2021-12-09 16:02:59,59.6425,-151.5483,30.09,85,90,9.22
482,Damaturu,NG,2021-12-09 16:03:00,11.747,11.9608,88.66,13,6,9.13
483,Alofi,NU,2021-12-09 15:59:33,-19.0595,-169.9187,73.29,94,99,3.44
484,Neryungri,RU,2021-12-09 16:03:00,56.6709,124.6491,-13.56,99,81,3.44
485,Dolores,AR,2021-12-09 16:03:00,-36.3132,-57.6792,82.24,33,90,15.48
486,Vila Franca Do Campo,PT,2021-12-09 16:03:01,37.7167,-25.4333,64.81,58,58,1.86
487,Saint-Francois,FR,2021-12-09 16:03:01,46.4154,3.9054,40.44,70,0,3.44
488,Soanierana Ivongo,MG,2021-12-09 16:03:01,-16.9167,49.5833,76.12,79,100,1.95
489,Gazojak,TM,2021-12-09 16:03:02,41.1875,61.4036,48.76,41,10,16.37
490,Dedza,MW,2021-12-09 16:03:02,-14.3779,34.3332,71.74,44,52,3.09
491,Dunedin,NZ,2021-12-09 16:03:02,-45.8742,170.5036,54.81,65,100,4.0
492,San Lazaro,BZ,2021-12-09 15:59:11,18.0387,-88.6622,83.91,83,96,9.26
493,Ornskoldsvik,SE,2021-12-09 16:00:00,63.2909,18.7153,33.62,93,90,12.66
494,Bien Hoa,VN,2021-12-09 15:59:25,10.95,106.8167,78.78,85,61,4.76
495,Saint-Pierre,RE,2021-12-09 16:03:03,-21.3393,55.4781,80.28,78,90,3.44
496,Moron,AR,2021-12-09 16:00:38,-34.6534,-58.6198,83.01,56,100,3.0
497,Isangel,VU,2021-12-09 16:03:03,-19.55,169.2667,77.97,87,1,6.71
498,Sanary-Sur-Mer,FR,2021-12-09 16:03:04,43.1178,5.8001,50.85,57,1,5.99
499,Paramonga,PE,2021-12-09 16:03:04,-10.6667,-77.8333,70.61,76,99,9.01
500,Seoul,KR,2021-12-09 16:00:12,37.5683,126.9778,44.04,57,99,3.13
501,Qasigiannguit,GL,2021-12-09 16:03:04,68.8193,-51.1922,25.05,69,19,7.2
502,Burns Lake,CA,2021-12-09 16:03:05,54.2331,-125.7533,21.02,89,100,3.67
503,Jerome,US,2021-12-09 16:02:35,42.7241,-114.5186,33.35,75,1,16.11
504,Copiapo,CL,2021-12-09 16:03:05,-27.3667,-70.3333,78.13,36,3,6.6
505,Kavaratti,IN,2021-12-09 15:59:15,10.5669,72.642,82.0,72,11,9.01
506,Sangar,RU,2021-12-09 16:03:06,63.9242,127.4739,-15.93,98,100,2.93
507,Khandyga,RU,2021-12-09 16:03:06,62.6667,135.6,-13.9,100,100,2.33
508,Mayumba,GA,2021-12-09 16:03:06,-3.432,10.6554,80.55,84,66,5.41
509,Weyburn,CA,2021-12-09 16:03:07,49.6668,-103.8511,19.18,83,48,10.4
510,Devonport,AU,2021-12-09 16:03:07,-41.1667,146.35,52.09,82,53,2.53
511,Jertih,MY,2021-12-09 16:03:07,5.7336,102.4897,75.87,86,85,0.81
512,Balakhta,RU,2021-12-09 16:03:08,55.38,91.6,7.84,78,100,13.82
513,Soyo,AO,2021-12-09 16:03:08,-6.1349,12.3689,81.52,82,49,10.89
514,Xinqing,CN,2021-12-09 16:03:08,48.2333,129.5,23.29,95,100,2.46
515,Kaitong,CN,2021-12-09 16:03:09,44.8135,123.15,32.74,92,100,9.64
516,Bambari,CF,2021-12-09 16:03:09,5.768,20.6757,90.32,22,1,4.36
517,Sosnogorsk,RU,2021-12-09 16:03:09,63.6023,53.8817,11.64,97,100,0.94
518,Nhulunbuy,AU,2021-12-09 16:03:10,-12.2333,136.7667,79.41,83,79,0.0
519,Sabha,LY,2021-12-09 16:03:10,27.0377,14.4283,60.1,14,1,4.92
520,Bahia Blanca,AR,2021-12-09 16:00:09,-38.7196,-62.2724,67.46,57,98,0.54
521,Eureka,US,2021-12-09 16:03:10,40.8021,-124.1637,43.63,86,6,15.3
522,Piquete,BR,2021-12-09 16:03:11,-22.6136,-45.1761,83.08,61,59,3.42
523,Isagarh,IN,2021-12-09 16:03:11,24.8333,77.8833,60.6,43,34,6.44
524,Juybar,IR,2021-12-09 16:03:11,36.6412,52.9124,58.59,59,0,1.43
525,Daniel Flores,CR,2021-12-09 16:03:12,9.3355,-83.6694,83.77,56,2,2.73
526,Puerto Del Rosario,ES,2021-12-09 16:03:13,28.5004,-13.8627,69.48,64,75,25.32
527,Ojinaga,MX,2021-12-09 16:03:13,29.5667,-104.4167,63.55,34,1,0.0
528,Kushmurun,KZ,2021-12-09 16:03:13,52.4503,64.6311,8.38,83,96,5.53
529,Diamantino,BR,2021-12-09 16:03:13,-14.4086,-56.4461,91.63,49,87,3.74
530,Atagay,RU,2021-12-09 16:03:14,55.1033,99.3875,11.95,73,100,8.66
531,Banjar,ID,2021-12-09 16:03:14,-8.19,114.9675,82.26,89,24,6.4
532,Puerto Cabezas,NI,2021-12-09 16:03:15,14.0351,-83.3888,79.39,84,73,12.26
533,Lima,PE,2021-12-09 16:00:02,-12.0432,-77.0282,67.14,76,100,7.65
534,Oktyabrskoye,RU,2021-12-09 16:03:15,43.0645,44.7417,44.74,93,90,4.47
535,Mujiayingzi,CN,2021-12-09 16:03:15,42.1167,118.7833,29.91,69,45,6.71
536,Kodinsk,RU,2021-12-09 16:03:16,58.6881,99.1844,3.67,93,100,12.17
537,Gramalote,CO,2021-12-09 16:03:16,7.8875,-72.7975,72.23,63,97,5.26
538,Tari,NG,2021-12-09 16:03:17,12.4086,4.4914,90.61,9,3,8.43
539,Iroquois Falls,CA,2021-12-09 16:03:17,48.7669,-80.6831,1.62,91,96,6.11
540,Abohar,IN,2021-12-09 16:03:17,30.15,74.1833,61.29,28,0,4.07
541,Katsina,NG,2021-12-09 16:03:18,12.9894,7.6006,85.21,11,13,9.53
542,Kitimat,CA,2021-12-09 16:03:18,54.0524,-128.6534,35.91,49,100,3.65
543,Aktash,RU,2021-12-09 16:03:18,50.3,87.7333,-16.37,91,82,2.77
544,Dakar,SN,2021-12-09 16:01:49,14.6937,-17.4441,97.68,61,42,15.28
545,Paamiut,GL,2021-12-09 15:59:09,61.994,-49.6678,27.7,86,100,15.43
546,Chimoio,MZ,2021-12-09 16:03:19,-19.1164,33.4833,82.9,41,58,10.94
547,Plettenberg Bay,ZA,2021-12-09 16:03:19,-34.0527,23.3716,66.47,92,88,7.83
548,Porto Santo,PT,2021-12-09 16:03:20,33.072,-16.3415,64.78,72,40,11.5
549,Serebryanyy Bor,RU,2021-12-09 16:03:20,56.8,124.8,-15.75,100,88,1.92
550,Lata,PT,2021-12-09 16:03:20,40.1629,-8.3327,57.07,88,100,8.68
551,Aykhal,RU,2021-12-09 16:03:21,66.0,111.5,-10.08,93,100,21.54
552,Portmore,JM,2021-12-09 16:03:21,17.9702,-76.8672,85.96,61,0,3.11
553,Chufarovo,RU,2021-12-09 16:03:21,54.0963,47.3367,31.8,84,100,2.55
554,Laguna,US,2021-12-09 15:59:13,38.421,-121.4238,51.03,96,90,4.61
555,Verkhoyansk,RU,2021-12-09 16:03:22,67.5447,133.385,-43.69,100,84,2.01
556,Ostrovnoy,RU,2021-12-09 15:59:45,68.0531,39.5131,15.42,93,100,5.73
557,Merauke,ID,2021-12-09 16:03:22,-8.4667,140.3333,77.09,90,100,5.86
